{
  "version": "2020.1",
  "applications": [],
  "platforms": [
    {
      "name": "arty"
    }
  ],
  "systems": [
    {
      "name": "xuartlite_selftest_example_1_system",
      "platform": "C:/Users/LattePanda/workspace/arty/export/arty/arty.xpfm",
      "sysConfig": "arty",
      "applications": [
        {
          "name": "xuartlite_selftest_example_1",
          "platform": "C:/Users/LattePanda/workspace/arty/export/arty/arty.xpfm",
          "platformPath": "C:\\Users\\LattePanda\\workspace\\arty\\export\\arty",
          "sysConfig": "arty",
          "domain": "standalone_domain",
          "system": "xuartlite_selftest_example_1_system"
        }
      ],
      "platformPath": "C:\\Users\\LattePanda\\workspace\\arty\\export\\arty"
    }
  ],
  "others": []
}